Assigned PM,PROGRAM,Priority PM,Start Date (W1),End Date (W1),Start Date (W2),End Date (W2),Brent Days,No. of Program Days,Location,Faculty Personality,Faculty Complexity,Accredidation,Overall Length,Weekends,Intermodular Work,Extra Events - Onsite,Extra Events - Offsite,Number of Participants,Multiple Faculty,Guest Speakers,Coaches,Overlapping Program,Program Type,Custom Liason
Emily,RAMP,,2023-09-25,2023-09-29,2023-10-06,2023-10-10,5,10,Onsite,Hard,Hard,No,Multi Week,No,Yes,Multiple,No,≤ 30,Yes - All Rice,Yes,Yes,Yes,Open - Existing,Open - N/A
Jenn,TLA,,2023-10-17,2023-10-20,,,4,4,Onsite,Hard,Hard,No,2 - 4 Days,No,No,Single,No,≤ 30,No,No,No,No,Open - Existing,Open - N/A
Megan,TMI,,2023-10-26,2023-10-27,2023-11-07,2023-11-08,2,2,Onsite,Hard,Hard,No,2 - 4 Days,No,No,Single,No,30 < X < 50,No,No,No,Yes,Open - Existing,Open - N/A
Kelcie,SFE,,2023-10-30,2023-11-01,,,0,3,Onsite,Medium,Medium,No,2 - 4 Days,No,No,Single,No,≤ 30,No,No,No,No,Open - Existing,Open - N/A
Megan,FANFM,,2023-12-12,2023-12-15,,,0,4,Onsite,Easy,Easy,No,2 - 4 Days,No,No,Single,No,≤ 30,Yes - Mixed,No,No,No,Open - Existing,Open - N/A
Yassmine,ELH,,2024-02-12,2024-02-16,2023-04-15,2024-04-19,5,10,Onsite,Hard,Hard,No,Multi Week,No,No,Multiple,No,≤ 30,Yes - All Rice,Yes,No,No,Open - Existing,Open - N/A
Yassmine,LI,Yassmine,2024-05-06,2024-05-08,,,0,2,Onsite,Hard,Hard,No,2 - 4 Days,No,No,Single,No,≤ 30,No,Yes,No,No,Open - Existing,Open - N/A
Jenn,CoachRice,,,,,,0,12,Onsite,Hard,Hard,No,Multi Week,No,Yes,Single,No,≤ 30,Yes - All Rice,No,No,No,Open - Existing,Open - N/A
